mappingId,upstreamContract,upstreamSemanticUnit,upstreamLocation,upstreamRequiredness,upstreamCondition,upstreamCardinality,upstreamProhibitions,downstreamContract,downstreamSemanticUnit,downstreamLocation,downstreamRequiredness,downstreamCondition,downstreamCardinality,downstreamContainment,downstreamLifecycle,comparisonResult,reason
M01,C1,34 active Residential-34 categories,"n/a (base row, pre-normalization)",required (closed set),n/a,exactly 1 per RoomNode,commercial categories prohibited,C10,SceneNode.spaceTypeId,"n/a (base row, pre-normalization)",required (RoomNode kind only),conditional on node kind=Room,exactly 1,contained within SceneNode construct,runtime scene lifecycle,COMPATIBLE CONDITIONAL REPRESENTATION,Verified against live Contract 1 Sec 3.1: RoomNode-only restriction correctly enforced downstream
M02,C1,bedroom + 3 full-inheriting specializations,"n/a (base row, pre-normalization)",required,n/a,n/a,specializations must not collapse to bare bedroom,C3,matrix rows 17-19,"n/a (base row, pre-normalization)",required,n/a,102 cells total,matrix-row containment,architecture,COMPATIBLE SPECIALIZATION,Structurally identical applicability rows verified; c3.failure.008 guards collapse
M03,C1,kitchen_living_room composite (living_room+kitchen),"n/a (base row, pre-normalization)",required,n/a,n/a,n/a,C10,SceneNode.spaceTypeId (one of the 34 values),"n/a (base row, pre-normalization)",required,conditional on node kind=Room,exactly 1,same as M01,runtime,COMPATIBLE DOMAIN IMPORT,"Represented as one enum value among the 34, no special-casing needed or found"
M04,C2,Relation identity registry,"n/a (base row, pre-normalization)",required,n/a,n/a,n/a,C10,SceneRelation.relationTypeIdentity,"n/a (base row, pre-normalization)",required per relation instance,"conditional (0..N array, never required to exist)",0..N,contained within StructuredSceneV0,runtime,COMPATIBLE DOMAIN IMPORT,"Verified: relations[] cardinality corrected to 0..N unconditionally (Owner finding 8, closed) -- applicability is a permission bound, not an existence requirement"
M05,C3,102-cell Relation x Category Applicability Matrix,"n/a (base row, pre-normalization)",required (closed),n/a,102 cells,n/a,C10,relations[] applicability validation (c10.xref-equivalent rule),"n/a (base row, pre-normalization)",conditional,checked only when a relation instance is asserted,n/a,cross-field validation rule,runtime,COMPATIBLE CONDITIONAL REPRESENTATION,"Verified: Contract 10 correctly treats the matrix as a permission bound on asserted relations, not a mandate to populate every applicable cell"
M08,C4,evidenceKindIdentity (3-value closed enum),"n/a (base row, pre-normalization)",required,n/a,exactly 1,no undefined token,C10,evidenceKindIdentity field,"n/a (base row, pre-normalization)",required,n/a,exactly 1,contained within AEA,runtime,EXACT MATCH,"Verified exact 3-value set, non-conflated with provenance or producingStage (R18 non-conflation rule)"
M09,C4,provenanceIdentity (4-value closed enum),"n/a (base row, pre-normalization)",required,n/a,exactly 1,no undefined token,C10,provenanceIdentity field,"n/a (base row, pre-normalization)",required,n/a,exactly 1,contained within AEA,runtime,EXACT MATCH,Verified exact 4-value set
M10,C4,determinabilitybasis registry (16-value closed enum),"n/a (base row, pre-normalization)",conditional (no-value assessments only),required when field value indeterminate,exactly 1 per basis record,n/a,C10,DeterminabilityEvidenceBasisRecord basis reference,"n/a (base row, pre-normalization)",conditional,same,same,contained within evidence model,runtime,EXACT MATCH,All 16 values token-matched exactly
M11,C5,confidence state/source/transformation/signaltype registries,"n/a (base row, pre-normalization)",required per ConfidenceAssertionRecord,n/a,exactly 1 each,ordinal only -- no probability semantics,C10,ConfidenceAssertionRecord fields,"n/a (base row, pre-normalization)",required,n/a,exactly 1 each,contained within confidence records,runtime,EXACT MATCH,Verified ordinal-only semantics preserved (no probability/ECE/Brier substitution found)
M12,C5,"confidence recordtype registry (5 types; 2 fully expanded, 3 referenced by ID)","n/a (base row, pre-normalization)",required,n/a,n/a,n/a,C10,ConfidenceAssertionRecord + ConfidenceSourceSignalRecord (fully expanded); generationMethodId/normalizationProfileId/mappingRuleId (referenced by ID only),"n/a (base row, pre-normalization)",required/conditional,n/a,n/a,contained within confidence model,runtime,COMPATIBLE DOMAIN IMPORT,"CLOSED per binding Project Owner adjudication: Contract 5's c5.recordtype.* identifies semantic record classes and does not prescribe Contract-10 JSON field names or storage representation; the accepted Dependency Plan requires Contract 10 to import confidence fields/enums, not to fully duplicate every Contract-5-owned configuration record as an expanded construct. Consistent with the same representation-ownership boundary independently verified elsewhere in this review (Contract 9's internal apparatus, Contract 8's Sec 11.4 explicit permission)."
M13,C6,determinability outcome/pairingstate/multiviewstate registries,"n/a (base row, pre-normalization)",required/conditional,n/a,exactly 1 / conditional 0..1,non-conflation with C5 confidence states,C10,OutcomeDecisionRecord/PairingRecord/AnnotationUnitRecord fields,"n/a (base row, pre-normalization)",same,same,same,contained within Contract6DeterminabilityPackage,runtime,EXACT MATCH,Verified exact enum sets; non-conflation rule (R18) confirmed enforced
M14,C6,recordtype registry (6 record types),"n/a (base row, pre-normalization)",required,n/a,n/a,n/a,C10,Contract6DeterminabilityPackage (6 sub-records),"n/a (base row, pre-normalization)",required,n/a,n/a,each sub-record has own containment entry,runtime,EXACT MATCH,All 6 sub-records (AnnotationUnitRecord/PairingRecord/BasisLinkRecord/OutcomeDecisionRecord/Contract6SealingRecord/AdjudicationRecord) individually verified against live c6.recordtype.001-006
M15,C7,completenessassessmentstate (3-value: unresolved/resolved-full/resolved-partial),"n/a (base row, pre-normalization)",required (internal workflow),n/a,exactly 1 (internal),unresolved may never be sealed as full/partial,C10,SceneResult.completeness (2-value: full/partial),"n/a (base row, pre-normalization)",required,only for SceneResult; absent for other 3 variants,exactly 1,contained within SceneResult,runtime,COMPATIBLE CONDITIONAL REPRESENTATION,"Formally adjudicated (P-1, REJECTED as false positive): Contract 10 correctly represents only the two sealable final values, matching Contract 7's own explicit statement that unresolved may never cross into the runtime signal"
M16,C7,scenario-family / expected-family rules,"n/a (base row, pre-normalization)",required,n/a,n/a,n/a,C10,(no direct field-level mirror found beyond M15),"n/a (base row, pre-normalization)",n/a,n/a,n/a,n/a,architecture,NOT REPRESENTED BY DESIGN -- EXPLICITLY AUTHORIZED,CLOSED per binding Project Owner adjudication: the accepted Dependency Plan establishes a layered chain (Contract 7 -> Contract 8: scenario/completeness population; Contract 8 -> Contract 10: UnseenClaimRecord representation) with no direct Contract 7 -> Contract 10 mirroring requirement. Contract 7 owns corpus/evaluation semantics; Contract 10 owns conformance representation. Consistent with the independently-verified acyclic dependency graph (Contract 7 has no direct edge into Contract 10 except the single completeness-signal touchpoint already adjudicated as P-1).
M17,C8,claimcode/claimfamily/claimdisposition/assertionscope registries,"n/a (base row, pre-normalization)",required,n/a,exactly 1 each,n/a,C10,UnseenClaimRecord fields,"n/a (base row, pre-normalization)",required,n/a,same,contained within unseenClaimRecords[],runtime,EXACT MATCH,Verified against live Contract 8 text across multiple sessions
M19,C8,lifecycle state registry (c8.lifecycle.001-009),"n/a (base row, pre-normalization)",required/conditional,n/a,exactly 1,n/a,C10,C8LifecycleBundle/C8LifecycleTransitionEvent fields,"n/a (base row, pre-normalization)",conditional,n/a,n/a,contained within lifecycle wrapper constructs,evaluation,COMPATIBLE DOMAIN IMPORT,"Underlying stable IDs verified real; container names are Contract-10-owned wire representation of a cross-cutting attribute, not a separately-named upstream record -- adjudicated non-defect, consistent with the Contract-6 sub-record naming precedent (M14)"
M20,C9,entry registry (18 fixture subtype identities),"n/a (base row, pre-normalization)",required (evaluation-only),n/a,exactly 1 per fixture,never inside runtime PerceptionResult,C10,ComparisonOutcome.entryIdentity,"n/a (base row, pre-normalization)",required,n/a,exactly 1,contained within ComparisonOutcome (evaluation-only construct),evaluation,EXACT MATCH,Verified strict separation maintained -- never leaks into runtime fields
M21,C9,failure registry (52 governance/comparison failure identities),"n/a (base row, pre-normalization)",conditional (evaluation-only),n/a,0..1,never inside runtime PerceptionResult,C10,ComparisonOutcome.primaryFailureIdentity,"n/a (base row, pre-normalization)",conditional,present iff outcome != pass,0..1,same,evaluation,EXACT MATCH,Same strict separation verified
M22,C9,escalation registry (14 identities),"n/a (base row, pre-normalization)",conditional,n/a,n/a,n/a,C10,post-seal mutation escalation chain,"n/a (base row, pre-normalization)",conditional,triggered only on post-result mutation,n/a,cross-cutting security rule,runtime + evaluation,EXACT MATCH,c9.failure.post-result-mutation -> c9.escalation.security-stop preserved unconditional and unweakened
M23,C9,comparison registry (15 deterministic outcomes),"n/a (base row, pre-normalization)",required (evaluation-only),n/a,exactly 1 per comparison,n/a,C10,ComparisonOutcome.comparisonOutcomeIdentity,"n/a (base row, pre-normalization)",required,n/a,exactly 1,same,evaluation,EXACT MATCH,Precedence chain (1-15) verified preserved unchanged
M24,C9,"runtime reason tokens (4, fixed by C9 itself)","n/a (base row, pre-normalization)",required (runtime-facing),n/a,exactly 1,"exactly these 4, no more",C10,FailureResult.technicalReasonCategory,"n/a (base row, pre-normalization)",required,n/a,exactly 1,contained within FailureResult,runtime,EXACT MATCH,Independently re-verified multiple times against live Contract 9; 0 unauthorized tokens found in the final accepted identity
M25,C9,"runtime violation tokens (14, fixed by C9 itself)","n/a (base row, pre-normalization)",required (runtime-facing),n/a,1..N,"exactly these 14, no more",C10,RejectedResult.contractViolations[],"n/a (base row, pre-normalization)",required,n/a,1..N,contained within RejectedResult,runtime,EXACT MATCH,Same verification basis as M24
M06-01,C4,AttributeEvidenceArtifact.attributeEvidenceArtifactIdentity,c4-sec8-aea-semantic-contract,required,Unique within one consolidated PerceptionResult.,exactly 1,n/a,C10,AttributeEvidenceArtifact.attributeEvidenceArtifactIdentity,c10-sec7-master-field-inventory,same,same,exactly 1,contained within attributeEvidenceArtifacts[],runtime,EXACT MATCH,Individually verified field-by-field against live Contract 4 Sec 8
M06-02,C4,AttributeEvidenceArtifact.fieldAssessmentIdentity,c4-sec8-aea-semantic-contract,required,Resolves to one BestEffortFieldAssessmentRecord.,exactly 1,n/a,C10,AttributeEvidenceArtifact.fieldAssessmentIdentity,c10-sec7-master-field-inventory,same,same,exactly 1,contained within attributeEvidenceArtifacts[],runtime,EXACT MATCH,Individually verified field-by-field against live Contract 4 Sec 8
M06-03,C4,AttributeEvidenceArtifact.bestEffortValueIdentity,c4-sec8-aea-semantic-contract,required,Resolves to one immutable produced value revision linked by that assessment.,exactly 1,n/a,C10,AttributeEvidenceArtifact.bestEffortValueIdentity,c10-sec7-master-field-inventory,same,same,exactly 1,contained within attributeEvidenceArtifacts[],runtime,EXACT MATCH,Individually verified field-by-field against live Contract 4 Sec 8
M06-04,C4,AttributeEvidenceArtifact.ownerIdentity,c4-sec8-aea-semantic-contract,required,Must equal the assessment owner.,exactly 1,n/a,C10,AttributeEvidenceArtifact.ownerIdentity,c10-sec7-master-field-inventory,same,same,exactly 1,contained within attributeEvidenceArtifacts[],runtime,EXACT MATCH,Individually verified field-by-field against live Contract 4 Sec 8
M06-05,C4,AttributeEvidenceArtifact.evidenceKindIdentity,c4-sec8-aea-semantic-contract,required,One c4.evidencekind.* value.,exactly 1,n/a,C10,AttributeEvidenceArtifact.evidenceKindIdentity,c10-sec7-master-field-inventory,same,same,exactly 1,contained within attributeEvidenceArtifacts[],runtime,EXACT MATCH,Individually verified field-by-field against live Contract 4 Sec 8
M06-06,C4,AttributeEvidenceArtifact.provenanceAttachmentIdentity,c4-sec8-aea-semantic-contract,required,Resolves to the final immediate-step provenance attachment.,exactly 1,n/a,C10,AttributeEvidenceArtifact.provenanceAttachmentIdentity,c10-sec7-master-field-inventory,same,same,exactly 1,contained within attributeEvidenceArtifacts[],runtime,EXACT MATCH,Individually verified field-by-field against live Contract 4 Sec 8
M06-07,C4,AttributeEvidenceArtifact.roomCaseIdentity,c4-sec8-aea-semantic-contract,required,Must equal the assessment RoomCase.,exactly 1,n/a,C10,AttributeEvidenceArtifact.roomCaseIdentity,c10-sec7-master-field-inventory,same,same,exactly 1,contained within attributeEvidenceArtifacts[],runtime,EXACT MATCH,Individually verified field-by-field against live Contract 4 Sec 8
M06-08,C4,AttributeEvidenceArtifact.atomicEvidenceContributions,c4-sec8-aea-semantic-contract,conditional,No artificial maximum; distinct admitted ImageAsset identities remain 1..6.,1..N,n/a,C10,AttributeEvidenceArtifact.atomicEvidenceContributions,c10-sec7-master-field-inventory,same,same,1..N,contained within attributeEvidenceArtifacts[],runtime,EXACT MATCH,Individually verified field-by-field against live Contract 4 Sec 8
M06-09,C4,AttributeEvidenceArtifact.producingStageIdentity,c4-sec8-aea-semantic-contract,required,Must equal producingStageIdentity in linked provenance attachment.,exactly 1,n/a,C10,AttributeEvidenceArtifact.producingStageIdentity,c10-sec7-master-field-inventory,same,same,exactly 1,contained within attributeEvidenceArtifacts[],runtime,EXACT MATCH,Individually verified field-by-field against live Contract 4 Sec 8
M06-10,C4,AttributeEvidenceArtifact.producerIdentityAndVersion,c4-sec8-aea-semantic-contract,conditional,As required by provenance.,0..N conditional,n/a,C10,AttributeEvidenceArtifact.producerIdentityAndVersion,c10-sec7-master-field-inventory,same,same,0..N conditional,contained within attributeEvidenceArtifacts[],runtime,EXACT MATCH,Individually verified field-by-field against live Contract 4 Sec 8
M06-11,C4,AttributeEvidenceArtifact.derivationParentIdentities,c4-sec8-aea-semantic-contract,conditional,Absent for visually-observed; required where derivation has parents.,0..N conditional,n/a,C10,AttributeEvidenceArtifact.derivationParentIdentities,c10-sec7-master-field-inventory,same,same,0..N conditional,contained within attributeEvidenceArtifacts[],runtime,EXACT MATCH,Individually verified field-by-field against live Contract 4 Sec 8
M06-12,C4,AttributeEvidenceArtifact.contractSemanticVersion,c4-sec8-aea-semantic-contract,required,c4.semanticmodelversion.001 for this candidate lineage.,exactly 1,n/a,C10,AttributeEvidenceArtifact.contractSemanticVersion,c10-sec7-master-field-inventory,same,same,exactly 1,contained within attributeEvidenceArtifacts[],runtime,EXACT MATCH,Individually verified field-by-field against live Contract 4 Sec 8
M06-13,C4,AttributeEvidenceArtifact.serializationSchemaReference,c4-sec8-aea-semantic-contract,conditional,Future Contract-10-owned schema/encoding reference.,0..1,n/a,C10,AttributeEvidenceArtifact.serializationSchemaReference,c10-sec7-master-field-inventory,same,same,0..1,contained within attributeEvidenceArtifacts[],runtime,EXACT MATCH,Individually verified field-by-field against live Contract 4 Sec 8
M06-14,C4,AttributeEvidenceArtifact.reasonOrTraceReference,c4-sec8-aea-semantic-contract,required,Stable diagnostic reason/trace reference.,exactly 1,n/a,C10,AttributeEvidenceArtifact.reasonOrTraceReference,c10-sec7-master-field-inventory,same,same,exactly 1,contained within attributeEvidenceArtifacts[],runtime,EXACT MATCH,Individually verified field-by-field against live Contract 4 Sec 8
M06-15,C4,AttributeEvidenceArtifact.integrityReference,c4-sec8-aea-semantic-contract,required,Content/integrity reference.,exactly 1,n/a,C10,AttributeEvidenceArtifact.integrityReference,c10-sec7-master-field-inventory,same,same,exactly 1,contained within attributeEvidenceArtifacts[],runtime,EXACT MATCH,Individually verified field-by-field against live Contract 4 Sec 8
M06-16,C4,AttributeEvidenceArtifact.dataUseEligibilityReference,c4-sec8-aea-semantic-contract,required,Licensed/synthetic/staged eligibility record.,exactly 1,n/a,C10,AttributeEvidenceArtifact.dataUseEligibilityReference,c10-sec7-master-field-inventory,same,same,exactly 1,contained within attributeEvidenceArtifacts[],runtime,EXACT MATCH,Individually verified field-by-field against live Contract 4 Sec 8
M06-17,C4,AttributeEvidenceArtifact.consentEligibilityReference,c4-sec8-aea-semantic-contract,required,Compatibility reference; governed NOT-APPLICABLE permitted.,exactly 1,n/a,C10,AttributeEvidenceArtifact.consentEligibilityReference,c10-sec7-master-field-inventory,same,same,exactly 1,contained within attributeEvidenceArtifacts[],runtime,EXACT MATCH,Individually verified field-by-field against live Contract 4 Sec 8
M06-18,C4,AttributeEvidenceArtifact.authorizationStateReference,c4-sec8-aea-semantic-contract,required,Producing-action authorization state.,exactly 1,n/a,C10,AttributeEvidenceArtifact.authorizationStateReference,c10-sec7-master-field-inventory,same,same,exactly 1,contained within attributeEvidenceArtifacts[],runtime,EXACT MATCH,Individually verified field-by-field against live Contract 4 Sec 8
M06-19,C4,AttributeEvidenceArtifact.retentionDeletionPolicyReference,c4-sec8-aea-semantic-contract,required,Governed retention/deletion policy.,exactly 1,n/a,C10,AttributeEvidenceArtifact.retentionDeletionPolicyReference,c10-sec7-master-field-inventory,same,same,exactly 1,contained within attributeEvidenceArtifacts[],runtime,EXACT MATCH,Individually verified field-by-field against live Contract 4 Sec 8
M06-20,C4,AttributeEvidenceArtifact.safeFailureReference,c4-sec8-aea-semantic-contract,required,Disposition for prohibited/invalid/unusable evidence.,exactly 1,n/a,C10,AttributeEvidenceArtifact.safeFailureReference,c10-sec7-master-field-inventory,same,same,exactly 1,contained within attributeEvidenceArtifacts[],runtime,EXACT MATCH,Individually verified field-by-field against live Contract 4 Sec 8
M06-21,C4,AttributeEvidenceArtifact.tamperEvidentHistoryReference,c4-sec8-aea-semantic-contract,required,Immutable revision-history compatibility reference.,exactly 1,n/a,C10,AttributeEvidenceArtifact.tamperEvidentHistoryReference,c10-sec7-master-field-inventory,same,same,exactly 1,contained within attributeEvidenceArtifacts[],runtime,EXACT MATCH,Individually verified field-by-field against live Contract 4 Sec 8
M06-22,C4,AttributeEvidenceArtifact.futureFeedbackLinkReference,c4-sec8-aea-semantic-contract,conditional,Learning-ready linkage only.,0..1,n/a,C10,AttributeEvidenceArtifact.futureFeedbackLinkReference,c10-sec7-master-field-inventory,same,same,0..1,contained within attributeEvidenceArtifacts[],runtime,EXACT MATCH,Individually verified field-by-field against live Contract 4 Sec 8
M06-23,C4,AttributeEvidenceArtifact.noRegressionEvaluationReference,c4-sec8-aea-semantic-contract,required,Governed no-regression evaluation lineage.,exactly 1,n/a,C10,AttributeEvidenceArtifact.noRegressionEvaluationReference,c10-sec7-master-field-inventory,same,same,exactly 1,contained within attributeEvidenceArtifacts[],runtime,EXACT MATCH,Individually verified field-by-field against live Contract 4 Sec 8
M06-24,C4,AttributeEvidenceArtifact.rollbackCompatibilityReference,c4-sec8-aea-semantic-contract,required,Future governed rollback compatibility.,exactly 1,n/a,C10,AttributeEvidenceArtifact.rollbackCompatibilityReference,c10-sec7-master-field-inventory,same,same,exactly 1,contained within attributeEvidenceArtifacts[],runtime,EXACT MATCH,Individually verified field-by-field against live Contract 4 Sec 8
M06-25,C4,AttributeEvidenceArtifact.predecessorArtifactIdentity,c4-sec8-aea-semantic-contract,conditional,Mandatory for supersession.,0..1 conditional,n/a,C10,AttributeEvidenceArtifact.predecessorArtifactIdentity,c10-sec7-master-field-inventory,same,same,0..1 conditional,contained within attributeEvidenceArtifacts[],runtime,EXACT MATCH,Individually verified field-by-field against live Contract 4 Sec 8
M06-26,C4,AttributeEvidenceArtifact.artifactRevisionState,c4-sec8-aea-semantic-contract,required,One c4.artifactrevisionstate.* value.,exactly 1,n/a,C10,AttributeEvidenceArtifact.artifactRevisionState,c10-sec7-master-field-inventory,same,same,exactly 1,contained within attributeEvidenceArtifacts[],runtime,EXACT MATCH,Individually verified field-by-field against live Contract 4 Sec 8
M07-01,C4,AtomicEvidenceContribution.contributionIdentity,c4-sec8.4-atomicevidencecontribution,required,1..N contributions per AEA; 1..6 distinct ImageAssets; exactly 1 RoomCase,exactly 1 per contribution,n/a,C10,AtomicEvidenceContribution.contributionIdentity,c10-sec7-master-field-inventory,same,same,same,contained within AEA.atomicEvidenceContributions[],runtime,EXACT MATCH,Individually verified field-by-field against live Contract 4 Sec 8.4
M07-02,C4,AtomicEvidenceContribution.imageAssetIdentity,c4-sec8.4-atomicevidencecontribution,required,1..N contributions per AEA; 1..6 distinct ImageAssets; exactly 1 RoomCase,exactly 1 per contribution,n/a,C10,AtomicEvidenceContribution.imageAssetIdentity,c10-sec7-master-field-inventory,same,same,same,contained within AEA.atomicEvidenceContributions[],runtime,EXACT MATCH,Individually verified field-by-field against live Contract 4 Sec 8.4
M07-03,C4,AtomicEvidenceContribution.sourceAssetIdentity,c4-sec8.4-atomicevidencecontribution,required,1..N contributions per AEA; 1..6 distinct ImageAssets; exactly 1 RoomCase,exactly 1 per contribution,n/a,C10,AtomicEvidenceContribution.sourceAssetIdentity,c10-sec7-master-field-inventory,same,same,same,contained within AEA.atomicEvidenceContributions[],runtime,EXACT MATCH,Individually verified field-by-field against live Contract 4 Sec 8.4
M07-04,C4,AtomicEvidenceContribution.locatorOrInferenceBasisReference,c4-sec8.4-atomicevidencecontribution,required,1..N contributions per AEA; 1..6 distinct ImageAssets; exactly 1 RoomCase,as required,n/a,C10,AtomicEvidenceContribution.locatorOrInferenceBasisReference,c10-sec7-master-field-inventory,same,same,same,contained within AEA.atomicEvidenceContributions[],runtime,EXACT MATCH,Individually verified field-by-field against live Contract 4 Sec 8.4
M07-05,C4,AtomicEvidenceContribution.preprocessingLineageReference,c4-sec8.4-atomicevidencecontribution,required,1..N contributions per AEA; 1..6 distinct ImageAssets; exactly 1 RoomCase,where applicable,n/a,C10,AtomicEvidenceContribution.preprocessingLineageReference,c10-sec7-master-field-inventory,same,same,same,contained within AEA.atomicEvidenceContributions[],runtime,EXACT MATCH,Individually verified field-by-field against live Contract 4 Sec 8.4
M07-06,C4,AtomicEvidenceContribution.contributionIntegrityReference,c4-sec8.4-atomicevidencecontribution,required,1..N contributions per AEA; 1..6 distinct ImageAssets; exactly 1 RoomCase,exactly 1 per contribution,n/a,C10,AtomicEvidenceContribution.contributionIntegrityReference,c10-sec7-master-field-inventory,same,same,same,contained within AEA.atomicEvidenceContributions[],runtime,EXACT MATCH,Individually verified field-by-field against live Contract 4 Sec 8.4
M07-07,C4,AtomicEvidenceContribution.contributionHistoryReference,c4-sec8.4-atomicevidencecontribution,required,1..N contributions per AEA; 1..6 distinct ImageAssets; exactly 1 RoomCase,inherited/resolvable through AEA lineage,n/a,C10,AtomicEvidenceContribution.contributionHistoryReference,c10-sec7-master-field-inventory,same,same,same,contained within AEA.atomicEvidenceContributions[],runtime,EXACT MATCH,Individually verified field-by-field against live Contract 4 Sec 8.4
M07-08,C4,AtomicEvidenceContribution.contributionProducingStageVersionReference,c4-sec8.4-atomicevidencecontribution,required,1..N contributions per AEA; 1..6 distinct ImageAssets; exactly 1 RoomCase,exactly 1 per contribution,n/a,C10,AtomicEvidenceContribution.contributionProducingStageVersionReference,c10-sec7-master-field-inventory,same,same,same,contained within AEA.atomicEvidenceContributions[],runtime,EXACT MATCH,Individually verified field-by-field against live Contract 4 Sec 8.4
M18-01,C8,RawMechanismAssertionArtifact.rawEmittedCode,c8-sec11.1-11.5,required/conditional (per component),Preserved only when explicitly emitted,0..1 conditional,n/a,C10,RawMechanismAssertionArtifact.rawEmittedCode,c10-sec7-master-field-inventory,same,same,same,contained within evaluation-artifact constructs,evaluation,EXACT MATCH,Individually verified against live Contract 8 text this session
M18-02,C8,RawMechanismAssertionArtifact.rawSubject,c8-sec11.1-11.5,required/conditional (per component),Same,0..1 conditional,n/a,C10,RawMechanismAssertionArtifact.rawSubject,c10-sec7-master-field-inventory,same,same,same,contained within evaluation-artifact constructs,evaluation,EXACT MATCH,Individually verified against live Contract 8 text this session
M18-03,C8,RawMechanismAssertionArtifact.rawTarget,c8-sec11.1-11.5,required/conditional (per component),Same,0..1 conditional,n/a,C10,RawMechanismAssertionArtifact.rawTarget,c10-sec7-master-field-inventory,same,same,same,contained within evaluation-artifact constructs,evaluation,EXACT MATCH,Individually verified against live Contract 8 text this session
M18-04,C8,RawMechanismAssertionArtifact.rawLocus,c8-sec11.1-11.5,required/conditional (per component),Same,0..1 conditional,n/a,C10,RawMechanismAssertionArtifact.rawLocus,c10-sec7-master-field-inventory,same,same,same,contained within evaluation-artifact constructs,evaluation,EXACT MATCH,Individually verified against live Contract 8 text this session
M18-05,C8,RawMechanismAssertionArtifact.assertionProjectionFactId,c8-sec11.1-11.5,required/conditional (per component),Links to ETAPAssertionProjectionFact,0..1 while pre-final blocked; exactly 1 after finalization,n/a,C10,RawMechanismAssertionArtifact.assertionProjectionFactId,c10-sec7-master-field-inventory,same,same,same,contained within evaluation-artifact constructs,evaluation,EXACT MATCH,Individually verified against live Contract 8 text this session
M18-06,C8,RawMechanismAssertionArtifact.historyReference,c8-sec11.1-11.5,required/conditional (per component),Immutable capture/append-only links,exactly 1,n/a,C10,RawMechanismAssertionArtifact.historyReference,c10-sec7-master-field-inventory,same,same,same,contained within evaluation-artifact constructs,evaluation,EXACT MATCH,Individually verified against live Contract 8 text this session
M18-07,C8,ETAPAssertionProjectionFact.rawMalformedComparisonLink,c8-sec11.1-11.5,required/conditional (per component),Required for partial/impossible normalization,0..1,n/a,C10,ETAPAssertionProjectionFact.rawMalformedComparisonLink,c10-sec7-master-field-inventory,same,same,same,contained within evaluation-artifact constructs,evaluation,EXACT MATCH,Individually verified against live Contract 8 text this session
M18-08,C8,ETAPAssertionProjectionFact.versionConfigurationBundle,c8-sec11.1-11.5,required/conditional (per component),Language-neutral immutable evaluation-package version identity,exactly 1,n/a,C10,ETAPAssertionProjectionFact.versionConfigurationBundle,c10-sec7-master-field-inventory,same,same,same,contained within evaluation-artifact constructs,evaluation,EXACT MATCH,Individually verified against live Contract 8 text this session
M18-09,C8,C8EvaluationRecord.normalizationTransformationId,c8-sec11.1-11.5,required/conditional (per component),Applies to record type .003,conditional,n/a,C10,C8EvaluationRecord.normalizationTransformationId,c10-sec7-master-field-inventory,same,same,same,contained within evaluation-artifact constructs,evaluation,EXACT MATCH,Individually verified against live Contract 8 text this session
M18-10,C8,C8EvaluationRecord.normalizedAtomicInterpretationId,c8-sec11.1-11.5,required/conditional (per component),Same,conditional,n/a,C10,C8EvaluationRecord.normalizedAtomicInterpretationId,c10-sec7-master-field-inventory,same,same,same,contained within evaluation-artifact constructs,evaluation,EXACT MATCH,Individually verified against live Contract 8 text this session
M18-11,C8,C8EvaluationRecord.matchedProducedRecordId,c8-sec11.1-11.5,required/conditional (per component),References c8.recordtype.003 produced-claim record,conditional,n/a,C10,C8EvaluationRecord.matchedProducedRecordId,c10-sec7-master-field-inventory,same,same,same,contained within evaluation-artifact constructs,evaluation,EXACT MATCH,Individually verified against live Contract 8 text this session
